household_id,household_match_key
1,13373047ADDR JONES
2,87824882HCBOXJONES
3,61633459ADDR BROWN
4,34879914POBOXJONES
5,65802426POBOXDAVIS
6,27817490POBOXBROWN
7,44299135ADDR SMITH
8,28364114ADDR BROWN
9,47920485ADDR DAVIS
10,76365721HCBOXJONES
11,95975695HCBOXSMITH
12,29176867ADDR BROWN
13,79553306POBOXJONES
14,67344000POBOXDAVIS
15,89270052POBOXJONES
16,26062204ADDR JONES
17,67368817ADDR JONES
18,74762621ADDR DAVIS
19,88909410ADDR SMITH
20,72680727POBOXBROWN
21,34313184HCBOXDAVIS
22,65138412POBOXDAVIS
23,38708293POBOXJONES
24,90769851HCBOXJONES
25,66117707ADDR BROWN
26,20572366POBOXJONES
27,42709231ADDR JONES
28,24613100ADDR BROWN
29,78437890HCBOXBROWN
30,68393135HCBOXJONES
31,72366707HCBOXDAVIS
32,68042849ADDR JONES
33,88546312HCBOXJONES
34,11335762POBOXJONES
35,54350976ADDR JONES
36,24278669POBOXDAVIS
37,24989947ADDR SMITH
38,66480907POBOXDAVIS
39,16017858HCBOXSMITH
40,89507297HCBOXDAVIS
41,41780287POBOXDAVIS
42,69736919POBOXSMITH
43,81411015HCBOXJONES
44,58231894ADDR BROWN
45,76919458HCBOXBROWN
46,30622120POBOXSMITH
47,40716960POBOXBROWN
48,37868613HCBOXJONES
49,25269646HCBOXDAVIS
50,21177438ADDR SMITH
51,98044837HCBOXBROWN
52,28999562ADDR JONES
53,16664791HCBOXSMITH
54,11274649ADDR BROWN
55,83489674HCBOXJONES
56,51513689ADDR BROWN
57,46359124ADDR BROWN
58,56518115POBOXSMITH
59,11717778POBOXDAVIS
60,65777401HCBOXSMITH
61,76156410POBOXJONES
62,53239408ADDR BROWN
63,46377170ADDR JONES
64,35652921ADDR SMITH
65,62965311ADDR SMITH
66,20178297HCBOXJONES
67,67546547HCBOXJONES
68,43012657POBOXDAVIS
69,75091037HCBOXBROWN
70,55080451HCBOXSMITH
71,40189577HCBOXDAVIS
72,77914686HCBOXSMITH
73,18746395HCBOXBROWN
74,58150109ADDR DAVIS
75,47955566ADDR SMITH
76,54135684ADDR JONES
77,96582115HCBOXBROWN
78,77354555HCBOXSMITH
79,75489028ADDR BROWN
80,32057435POBOXDAVIS
81,84016089POBOXSMITH
82,91093747HCBOXSMITH
83,46629502POBOXDAVIS
84,72836152POBOXSMITH
85,64198665ADDR BROWN
86,10106814HCBOXBROWN
87,31520127HCBOXJONES
88,75073656HCBOXSMITH
89,65214953ADDR DAVIS
90,16034544POBOXSMITH
91,13142862POBOXSMITH
92,99683940HCBOXBROWN
93,14676441HCBOXDAVIS
94,81961797HCBOXDAVIS
95,84787747POBOXJONES
96,81631693HCBOXBROWN
97,58830409POBOXSMITH
98,92795171POBOXDAVIS
99,29489899ADDR DAVIS
100,19627534ADDR BROWN
101,32902043POBOXDAVIS
102,71546904POBOXSMITH
103,17033074POBOXSMITH
104,17762807ADDR SMITH
105,25373571HCBOXSMITH
106,96456158ADDR BROWN
107,37014893POBOXBROWN
108,50621766HCBOXSMITH
109,38422563HCBOXJONES
110,99982086ADDR SMITH
111,91819214ADDR JONES
112,85130084HCBOXDAVIS
113,84674870HCBOXJONES
114,53585592ADDR SMITH
115,59154572ADDR SMITH
116,93592673ADDR DAVIS
117,79369851POBOXJONES
118,19551622HCBOXJONES
119,89423051POBOXDAVIS
120,90393783ADDR DAVIS
121,89483582POBOXDAVIS
122,82232521HCBOXDAVIS
123,39173544ADDR JONES
124,48782665ADDR DAVIS
125,37116343ADDR JONES
126,91671053ADDR SMITH
127,39531459POBOXBROWN
128,57817199POBOXSMITH
129,28348189HCBOXSMITH
130,96129307POBOXSMITH
131,80367904ADDR JONES
132,30502620HCBOXBROWN
133,67632303HCBOXSMITH
134,77951074POBOXJONES
135,58952373POBOXBROWN
136,38223081POBOXSMITH
137,80037383HCBOXBROWN
138,58771947POBOXJONES
139,81104664ADDR SMITH
140,75658762ADDR SMITH
141,31601905POBOXJONES
142,83852236HCBOXSMITH
143,50034064HCBOXDAVIS
144,48795009POBOXSMITH
145,62832587ADDR DAVIS
146,59378043ADDR BROWN
147,41087187ADDR DAVIS
148,49692438POBOXJONES
149,34559940POBOXDAVIS
150,28619761POBOXJONES
151,33806152POBOXDAVIS
152,23381713ADDR BROWN
153,26620427HCBOXJONES
154,44122800POBOXJONES
155,30109950ADDR DAVIS
156,45634049POBOXDAVIS
157,49743703HCBOXDAVIS
158,32721216ADDR BROWN
159,94874370ADDR JONES
160,22377642POBOXSMITH
161,83071859POBOXSMITH
162,54482324ADDR SMITH
163,82058335POBOXBROWN
164,11988004ADDR BROWN
165,97758046POBOXDAVIS
166,59549619HCBOXDAVIS
167,62056493ADDR SMITH
168,77612137HCBOXBROWN
169,69807093HCBOXSMITH
170,73862917ADDR SMITH
171,51901187HCBOXDAVIS
172,56296399ADDR JONES
173,90669053ADDR SMITH
174,36625839ADDR SMITH
175,67679012ADDR JONES
176,80002852ADDR BROWN
177,97803119HCBOXDAVIS
178,71853307HCBOXJONES
179,58341650HCBOXSMITH
180,40473208HCBOXSMITH
181,83928877ADDR BROWN
182,24654274POBOXDAVIS
183,19747899POBOXDAVIS
184,55948199HCBOXDAVIS
185,61213184HCBOXBROWN
186,61830610HCBOXDAVIS
187,52028244HCBOXSMITH
188,26529340HCBOXBROWN
189,10339558ADDR DAVIS
190,45648303ADDR DAVIS
191,24904670HCBOXDAVIS
192,85043824HCBOXJONES
193,35781501POBOXSMITH
194,51010910POBOXBROWN
195,96332739POBOXBROWN
196,62046299ADDR SMITH
197,56036992HCBOXJONES
198,77787280POBOXSMITH
199,37290725ADDR DAVIS
200,30552779HCBOXSMITH
201,35264293HCBOXDAVIS
202,18547888ADDR JONES
203,37841991POBOXDAVIS
204,46765789ADDR SMITH
205,52020444ADDR BROWN
206,45725647ADDR SMITH
207,30182125POBOXDAVIS
208,31497858ADDR BROWN
209,52558123ADDR JONES
210,56800216ADDR SMITH
211,75951820ADDR SMITH
212,38001865HCBOXSMITH
213,98405928ADDR BROWN
214,34087007ADDR DAVIS
215,15362858HCBOXBROWN
216,38280988ADDR DAVIS
217,70849702HCBOXBROWN
218,74327332ADDR BROWN
219,89445877HCBOXDAVIS
220,60149301ADDR SMITH
221,63780157POBOXBROWN
222,86928270POBOXSMITH
223,10275766ADDR BROWN
224,37333723HCBOXSMITH
225,37564819ADDR SMITH
226,57261502POBOXDAVIS
227,36751637POBOXSMITH
228,79673849ADDR JONES
229,51078585HCBOXSMITH
230,18823810HCBOXBROWN
231,72244788HCBOXBROWN
232,46084229HCBOXBROWN
233,20827469HCBOXDAVIS
234,33558256HCBOXBROWN
235,34982379POBOXBROWN
236,26053776POBOXBROWN
237,27309266POBOXBROWN
238,20404523ADDR SMITH
239,88075019ADDR BROWN
240,71254639POBOXSMITH
241,74040862ADDR JONES
242,44410888HCBOXJONES
243,51139383ADDR DAVIS
244,25179986HCBOXBROWN
245,83789030HCBOXBROWN
246,90704544HCBOXJONES
247,64216369HCBOXBROWN
248,21570270ADDR BROWN
249,14526936POBOXSMITH
250,38446602ADDR BROWN
251,97226522ADDR JONES
252,48797148ADDR DAVIS
253,89327116HCBOXDAVIS
254,24267224POBOXSMITH
255,93824611HCBOXBROWN
256,39328918ADDR DAVIS
257,52676230POBOXDAVIS
258,55488867ADDR JONES
259,55680155POBOXJONES
260,60768066HCBOXJONES
261,94472615HCBOXSMITH
262,10074483POBOXDAVIS
263,80724583HCBOXBROWN
264,22873792POBOXDAVIS
265,33669429ADDR JONES
266,78684740HCBOXSMITH
267,16599745HCBOXJONES
268,51554086HCBOXDAVIS
269,39961134ADDR DAVIS
270,92970794ADDR BROWN
271,55008383HCBOXSMITH
272,60728398ADDR BROWN
273,21340049POBOXDAVIS
274,31778393HCBOXJONES
275,67553089ADDR JONES
276,33189454ADDR JONES
277,13965876HCBOXDAVIS
278,96112823ADDR BROWN
279,19183346HCBOXJONES
280,43665743ADDR DAVIS
281,40122918POBOXBROWN
282,97827481ADDR BROWN
283,64739142POBOXDAVIS
284,79387207HCBOXDAVIS
285,78534572HCBOXJONES
286,83180772HCBOXJONES
287,73447159HCBOXBROWN
288,75857315ADDR JONES
289,48068316POBOXSMITH
290,67831685POBOXSMITH
291,54930096ADDR DAVIS
292,89270424HCBOXJONES
293,80039155ADDR BROWN
294,88089575HCBOXJONES
295,91923530HCBOXBROWN
296,68924664ADDR DAVIS
297,71926249POBOXDAVIS
298,50768695ADDR JONES
299,58799727ADDR BROWN
300,39909605POBOXDAVIS
301,80597084POBOXJONES
302,11660006POBOXDAVIS
303,82051453HCBOXDAVIS
304,49926293POBOXBROWN
305,51290267POBOXDAVIS
306,23332648ADDR SMITH
307,58431755POBOXSMITH
308,63008743ADDR DAVIS
309,31039354HCBOXBROWN
310,76976668ADDR JONES
311,85580411POBOXDAVIS
312,90440897POBOXJONES
313,43517164POBOXBROWN
314,49402341ADDR SMITH
315,54034591ADDR SMITH
316,54813635POBOXDAVIS
317,20857064HCBOXJONES
318,67158713ADDR BROWN
319,29544993ADDR DAVIS
320,46426083HCBOXJONES
321,59937828POBOXJONES
322,45584942ADDR SMITH
323,49808273POBOXJONES
324,78035221POBOXBROWN
325,80666797ADDR DAVIS
326,67414720ADDR SMITH
327,30630832ADDR JONES
328,78053414ADDR SMITH
329,81487682ADDR JONES
330,70391467POBOXDAVIS
331,21689120ADDR JONES
332,88185313ADDR BROWN
333,90175109HCBOXJONES
334,56196884ADDR BROWN
335,58320110POBOXSMITH
336,32556409HCBOXSMITH
337,72712902HCBOXBROWN
338,22850659HCBOXBROWN
339,54742163POBOXJONES
340,85845191POBOXJONES
341,52395433ADDR SMITH
342,52298279POBOXJONES
343,82249867POBOXSMITH
344,75814910POBOXSMITH
345,26337965POBOXBROWN
346,10154658HCBOXSMITH
347,18674099POBOXBROWN
348,71749643ADDR BROWN
349,91575433POBOXBROWN
350,50827301HCBOXDAVIS
351,52920427ADDR SMITH
352,69286043POBOXSMITH
353,20938074POBOXSMITH
354,22509075POBOXDAVIS
355,72156648HCBOXDAVIS
356,68207768POBOXJONES
357,17570803HCBOXJONES
358,35542695POBOXJONES
359,45563759HCBOXDAVIS
360,86968910ADDR SMITH
361,22534846HCBOXSMITH
362,41562907HCBOXBROWN
363,94749807POBOXJONES
364,85771328HCBOXJONES
365,30327891ADDR JONES
366,19127244POBOXBROWN
367,93947397POBOXJONES
368,33145184HCBOXBROWN
369,59980158HCBOXBROWN
370,77778270POBOXDAVIS
371,35438765HCBOXBROWN
372,45496194POBOXSMITH
373,53781878ADDR BROWN
374,83012636POBOXBROWN
375,89177972ADDR SMITH
376,98677356ADDR DAVIS
377,18552439HCBOXDAVIS
378,80266811POBOXBROWN
379,83342985POBOXBROWN
380,83314898HCBOXSMITH
381,95410806POBOXBROWN
382,97126057HCBOXJONES
383,88361121ADDR DAVIS
384,36952536HCBOXSMITH
385,49645998ADDR SMITH
386,44206503HCBOXDAVIS
387,44041537ADDR SMITH
388,54556665HCBOXJONES
389,76406189HCBOXJONES
390,67745057ADDR BROWN
391,35697574POBOXJONES
392,47070589HCBOXJONES
393,82444932HCBOXBROWN
394,24940734HCBOXBROWN
395,43596970ADDR BROWN
396,16404530POBOXDAVIS
397,50050544POBOXBROWN
398,13636891ADDR BROWN
399,10892255ADDR JONES
400,63883718ADDR SMITH
401,67238865POBOXDAVIS
402,14351479POBOXJONES
403,25257452ADDR SMITH
404,45172579POBOXDAVIS
405,25030295POBOXJONES
406,49557735ADDR JONES
407,36277979ADDR BROWN
408,50694048ADDR DAVIS
409,36981062ADDR JONES
410,87746401ADDR JONES
411,75767425HCBOXDAVIS
412,55661260ADDR SMITH
413,57550037POBOXSMITH
414,81461803ADDR JONES
415,20882639HCBOXDAVIS
416,15317979ADDR SMITH
417,28101920ADDR BROWN
418,21176285ADDR SMITH
419,14022163ADDR BROWN
420,38484306POBOXBROWN
421,32589377POBOXBROWN
422,36153292ADDR SMITH
423,84538607ADDR SMITH
424,90160503ADDR BROWN
425,55883107ADDR JONES
426,39657573HCBOXSMITH
427,21341118HCBOXJONES
428,87560758ADDR BROWN
429,72577586HCBOXBROWN
430,18510793ADDR JONES
431,26734920HCBOXDAVIS
432,73615633HCBOXSMITH
433,31274990ADDR BROWN
434,13751255ADDR BROWN
435,77239638POBOXDAVIS
436,74603427HCBOXSMITH
437,94230647POBOXBROWN
438,40092365POBOXSMITH
439,51203878HCBOXDAVIS
440,98621801HCBOXDAVIS
441,14086838HCBOXJONES
442,88427501POBOXDAVIS
443,28389562ADDR JONES
444,67495431POBOXBROWN
445,61735081HCBOXBROWN
446,94630034ADDR DAVIS
447,18218977POBOXDAVIS
448,20092825HCBOXDAVIS
449,68725096ADDR SMITH
450,78587320POBOXBROWN
451,44498823POBOXBROWN
452,23195852ADDR DAVIS
453,19364566POBOXBROWN
454,90076547ADDR BROWN
455,33669147POBOXDAVIS
456,22172320ADDR JONES
457,38694213ADDR DAVIS
458,83934231HCBOXSMITH
459,31573022ADDR DAVIS
460,38716487HCBOXDAVIS
461,20048356POBOXSMITH
462,77936921POBOXSMITH
463,92526170POBOXBROWN
464,37998847POBOXJONES
465,16085774POBOXSMITH
466,20636106HCBOXBROWN
467,93411818POBOXJONES
468,20937087HCBOXJONES
469,99233538POBOXDAVIS
470,47568670POBOXBROWN
471,39684999POBOXDAVIS
472,61928551ADDR JONES
473,34469895HCBOXJONES
474,90217297ADDR JONES
475,48814659ADDR BROWN
476,64510962HCBOXSMITH
477,41017346ADDR BROWN
478,49702279POBOXDAVIS
479,75799086POBOXJONES
480,18160834ADDR DAVIS
481,71797054HCBOXJONES
482,33237302HCBOXJONES
483,30385499HCBOXJONES
484,19797499HCBOXDAVIS
485,69752128HCBOXDAVIS
486,96988653POBOXBROWN
487,70963267ADDR JONES
488,23564798POBOXBROWN
489,78633673ADDR BROWN
490,23513759ADDR JONES
491,21413992POBOXDAVIS
492,58785646HCBOXSMITH
493,35739343ADDR DAVIS
494,76668834POBOXBROWN
495,85948168ADDR SMITH
496,38319999HCBOXBROWN
497,43289132HCBOXSMITH
498,90471835HCBOXSMITH
499,46445172POBOXSMITH
500,30498877HCBOXBROWN
501,42835633POBOXJONES
502,25215523POBOXJONES
503,87463436HCBOXDAVIS
504,20135559HCBOXDAVIS
505,88431407HCBOXSMITH
506,40003990HCBOXJONES
507,20917646HCBOXBROWN
508,30032198ADDR DAVIS
509,63376513POBOXJONES
510,61433977ADDR BROWN
511,24795152POBOXSMITH
512,90181601POBOXBROWN
513,93266298POBOXBROWN
514,61800747HCBOXSMITH
515,58653612HCBOXBROWN
516,16144883POBOXBROWN
517,33230401ADDR BROWN
518,42136146POBOXBROWN
519,56150134POBOXJONES
520,76398304HCBOXJONES
521,17572361HCBOXSMITH
522,99640668HCBOXJONES
523,30312575ADDR JONES
524,49996714ADDR DAVIS
525,10979038ADDR SMITH
526,96632842HCBOXBROWN
527,72146091ADDR DAVIS
528,45162733HCBOXJONES
529,37172039HCBOXJONES
530,19892366POBOXJONES
531,53159432POBOXSMITH
532,29580865ADDR SMITH
533,58341749HCBOXSMITH
534,80019994ADDR DAVIS
535,60723962POBOXBROWN
536,85879634ADDR JONES
537,96467507HCBOXBROWN
538,18364990POBOXDAVIS
539,11079647HCBOXBROWN
540,91779710ADDR JONES
541,12880454HCBOXDAVIS
542,63005211HCBOXBROWN
543,35538728HCBOXDAVIS
544,35886255POBOXJONES
545,98187455HCBOXBROWN
546,70717027ADDR SMITH
547,76241868ADDR JONES
548,70027937ADDR JONES
549,66138531ADDR BROWN
550,22377051POBOXDAVIS
551,89524823HCBOXSMITH
552,18954025ADDR BROWN
553,19979611HCBOXBROWN
554,36429801ADDR BROWN
555,66933513ADDR JONES
556,68814615POBOXSMITH
557,59137478ADDR JONES
558,22169477ADDR JONES
559,78698967ADDR JONES
560,85851666POBOXDAVIS
561,70434151HCBOXJONES
562,74505024ADDR SMITH
563,47425638ADDR DAVIS
564,36601594HCBOXBROWN
565,33282498HCBOXJONES
566,81790331ADDR SMITH
567,40994190HCBOXSMITH
568,10831016POBOXSMITH
569,88501727HCBOXDAVIS
570,83615315POBOXSMITH
571,67032994HCBOXSMITH
572,89067863ADDR SMITH
573,84170107ADDR DAVIS
574,12978385ADDR JONES
575,44727483POBOXSMITH
576,82855185ADDR JONES
577,31153030HCBOXDAVIS
578,27019250POBOXBROWN
579,88438583POBOXJONES
580,22835988ADDR JONES
581,85132954HCBOXSMITH
582,62247369ADDR DAVIS
583,19126123HCBOXSMITH
584,41646613HCBOXDAVIS
585,63353200HCBOXSMITH
586,73815700ADDR DAVIS
587,52635513HCBOXSMITH
588,54612092ADDR DAVIS
589,15435030ADDR SMITH
590,78663456ADDR DAVIS
591,86307127HCBOXBROWN
592,47669281POBOXDAVIS
593,41604337POBOXJONES
594,61035049POBOXSMITH
595,75575810ADDR BROWN
596,69220120HCBOXSMITH
597,47559902HCBOXBROWN
598,92874912POBOXBROWN
599,63505227ADDR SMITH
600,79952730POBOXBROWN
601,64511817POBOXDAVIS
602,34655128POBOXSMITH
603,27506698HCBOXJONES
604,21535816ADDR BROWN
605,49131523ADDR BROWN
606,41126648ADDR SMITH
607,84429276POBOXSMITH
608,20894834ADDR JONES
609,28046357POBOXDAVIS
610,70802617POBOXSMITH
611,14142129HCBOXDAVIS
612,16033368HCBOXSMITH
613,35374602HCBOXBROWN
614,57608117HCBOXDAVIS
615,24797344ADDR JONES
616,83541144ADDR DAVIS
617,55989512POBOXBROWN
618,45646381POBOXDAVIS
619,87617431POBOXDAVIS
620,24138822POBOXSMITH
621,55480388HCBOXBROWN
622,95228798POBOXDAVIS
623,36622359POBOXDAVIS
624,21538487POBOXJONES
625,92461661HCBOXJONES
626,72483107POBOXBROWN
627,51858333POBOXSMITH
628,45750904ADDR BROWN
629,71951112HCBOXSMITH
630,26442529HCBOXBROWN
631,10983921ADDR DAVIS
632,11553730ADDR DAVIS
633,75759673HCBOXDAVIS
634,59336527ADDR SMITH
635,95161200POBOXSMITH
636,87168531POBOXSMITH
637,81984417POBOXSMITH
638,26789626POBOXBROWN
639,41149377POBOXDAVIS
640,87190746ADDR BROWN
641,72203374ADDR JONES
642,96584427ADDR DAVIS
643,43892630HCBOXDAVIS
644,94756414ADDR DAVIS
645,69062647HCBOXJONES
646,52708444POBOXJONES
647,21952929POBOXJONES
648,69182944HCBOXJONES
649,64198476HCBOXBROWN
650,87265567POBOXDAVIS
651,12439524HCBOXSMITH
652,46057168ADDR DAVIS
653,24291982ADDR DAVIS
654,99061982HCBOXJONES
655,39829947ADDR DAVIS
656,94092445POBOXSMITH
657,49165017ADDR JONES
658,75050690POBOXJONES
659,60671423ADDR BROWN
660,56205415HCBOXDAVIS
661,99863246POBOXJONES
662,52273141POBOXDAVIS
663,28499926HCBOXDAVIS
664,86178081POBOXBROWN
665,76461353POBOXSMITH
666,90436361POBOXDAVIS
667,99144631ADDR DAVIS
668,53336805HCBOXSMITH
669,42242018ADDR BROWN
670,95502464ADDR SMITH
671,79079022ADDR DAVIS
672,60926003HCBOXJONES
673,50908329HCBOXJONES
674,93354869HCBOXJONES
675,13350034ADDR SMITH
676,64442370ADDR JONES
677,66343063POBOXDAVIS
678,78186618HCBOXBROWN
679,77697233POBOXJONES
680,11177216HCBOXDAVIS
681,96757024ADDR DAVIS
682,27730608ADDR JONES
683,89575825ADDR BROWN
684,28737882HCBOXSMITH
685,43772808ADDR JONES
686,14976829HCBOXBROWN
687,46304396ADDR JONES
688,15021672ADDR SMITH
689,15262670ADDR DAVIS
690,17304592ADDR SMITH
691,38228945ADDR DAVIS
692,12640200ADDR DAVIS
693,98389241ADDR JONES
694,54413492ADDR DAVIS
695,38125402POBOXBROWN
696,42051284HCBOXBROWN
697,97104898HCBOXJONES
698,64253906HCBOXBROWN
699,40740709POBOXJONES
700,95199487POBOXSMITH
701,95338136ADDR DAVIS
702,53036992POBOXDAVIS
703,32406359HCBOXBROWN
704,41078983POBOXSMITH
705,42238315HCBOXDAVIS
706,77072106HCBOXBROWN
707,54311263ADDR JONES
708,11979560ADDR JONES
709,46830473HCBOXDAVIS
710,13481069POBOXBROWN
711,33505518POBOXDAVIS
712,38633908ADDR BROWN
713,14075791POBOXDAVIS
714,55748843ADDR BROWN
715,76815747HCBOXDAVIS
716,36313758POBOXBROWN
717,78843944POBOXDAVIS
718,21570326HCBOXDAVIS
719,42605153HCBOXJONES
720,47768895POBOXJONES
721,60926505POBOXSMITH
722,13114558HCBOXJONES
723,15609411HCBOXSMITH
724,69090407ADDR SMITH
725,72482617ADDR DAVIS
726,63627315ADDR DAVIS
727,89132676HCBOXDAVIS
728,76072385POBOXDAVIS
729,37179922POBOXJONES
730,58317459ADDR BROWN
731,34326571HCBOXBROWN
732,47263281ADDR BROWN
733,95713543HCBOXSMITH
734,21771318ADDR JONES
735,44356497POBOXBROWN
736,13257125ADDR SMITH
737,59780472ADDR BROWN
738,85088235POBOXDAVIS
739,26672271HCBOXSMITH
740,69573406POBOXBROWN
741,11075130ADDR DAVIS
742,81705552POBOXBROWN
743,68462956ADDR JONES
744,86466746HCBOXDAVIS
745,54803140ADDR JONES
746,60575280HCBOXSMITH
747,81223088POBOXBROWN
748,85864657POBOXDAVIS
749,41556153POBOXDAVIS
750,55951181HCBOXSMITH
751,77627902ADDR BROWN
752,49293179ADDR SMITH
753,24739827ADDR BROWN
754,46365410POBOXBROWN
755,16477081ADDR BROWN
756,15545148ADDR SMITH
757,39725567ADDR BROWN
758,27479589HCBOXJONES
759,92223086POBOXSMITH
760,24309245ADDR BROWN
761,10998590HCBOXJONES
762,89688103ADDR DAVIS
763,24423278ADDR SMITH
764,27223941POBOXDAVIS
765,51034005ADDR SMITH
766,37101430HCBOXBROWN
767,41745479ADDR BROWN
768,68022883ADDR BROWN
769,44353544POBOXDAVIS
770,91820192ADDR JONES
771,78597880ADDR SMITH
772,34463695POBOXBROWN
773,54140283POBOXDAVIS
774,96168792POBOXDAVIS
775,30736344ADDR SMITH
776,16441263ADDR BROWN
777,33074712POBOXSMITH
778,74343669POBOXDAVIS
779,33240982POBOXSMITH
780,31397250POBOXBROWN
781,37729021ADDR SMITH
782,17135373POBOXDAVIS
783,38359495ADDR BROWN
784,60728889POBOXBROWN
785,30801895POBOXDAVIS
786,36900799HCBOXDAVIS
787,57491889HCBOXJONES
788,41940322POBOXSMITH
789,77702689HCBOXSMITH
790,51893753ADDR BROWN
791,86585922POBOXDAVIS
792,32182376ADDR SMITH
793,12938408HCBOXDAVIS
794,40335934ADDR JONES
795,11597199HCBOXJONES
796,68320198HCBOXBROWN
797,22033397HCBOXSMITH
798,80364232ADDR SMITH
799,37722068ADDR JONES
800,42747871HCBOXSMITH
801,95295692POBOXSMITH
802,23156727HCBOXBROWN
803,81971299POBOXJONES
804,18139058HCBOXJONES
805,30359421ADDR DAVIS
806,78508284HCBOXBROWN
807,59787616ADDR SMITH
808,98560045HCBOXBROWN
809,57972508POBOXSMITH
810,68249357ADDR DAVIS
811,47029612HCBOXDAVIS
812,25668717ADDR BROWN
813,38052732ADDR DAVIS
814,89044438ADDR JONES
815,10529482ADDR DAVIS
816,34169931HCBOXBROWN
817,62949540ADDR SMITH
818,26438605POBOXBROWN
819,76732050ADDR DAVIS
820,51355656POBOXDAVIS
821,44373153ADDR BROWN
822,95064244ADDR SMITH
823,40224880POBOXSMITH
824,54214478HCBOXJONES
825,60938478POBOXSMITH
826,47453275HCBOXDAVIS
827,13586726ADDR DAVIS
828,28111722ADDR BROWN
829,27457304ADDR DAVIS
830,31576759HCBOXBROWN
831,25375492HCBOXBROWN
832,17495154HCBOXJONES
833,44816400HCBOXBROWN
834,26678207HCBOXJONES
835,11069979ADDR JONES
836,55402005POBOXSMITH
837,20133742ADDR JONES
838,86740787POBOXDAVIS
839,62538828POBOXSMITH
840,46713458HCBOXBROWN
841,26788580HCBOXSMITH
842,87783230POBOXSMITH
843,17148103HCBOXSMITH
844,12272092ADDR JONES
845,59730498HCBOXBROWN
846,47734753HCBOXBROWN
847,34186976ADDR DAVIS
848,71861475HCBOXDAVIS
849,17828323POBOXSMITH
850,75486898HCBOXSMITH
851,49655525POBOXSMITH
852,66103178HCBOXBROWN
853,52707561POBOXJONES
854,98993719POBOXJONES
855,29280734HCBOXJONES
856,54407520HCBOXBROWN
857,88327207HCBOXBROWN
858,44309831HCBOXDAVIS
859,14072792ADDR JONES
860,76986741POBOXDAVIS
861,96167807POBOXDAVIS
862,47717431ADDR JONES
863,40614013POBOXDAVIS
864,57955960ADDR SMITH
865,81566721HCBOXSMITH
866,26021365HCBOXJONES
867,43171995HCBOXBROWN
868,56545642POBOXJONES
869,81642567POBOXJONES
870,98357599ADDR DAVIS
871,37416536POBOXSMITH
872,21326930POBOXJONES
873,45732235HCBOXBROWN
874,40814913HCBOXBROWN
875,95564793HCBOXDAVIS
876,94967985ADDR JONES
877,51115942ADDR JONES
878,83420873POBOXJONES
879,88911230ADDR BROWN
880,33334564ADDR DAVIS
881,76900694ADDR SMITH
882,71879724HCBOXDAVIS
883,77310748ADDR DAVIS
884,31849355POBOXDAVIS
885,77577244POBOXSMITH
886,13178160HCBOXJONES
887,27866156ADDR SMITH
888,66226558POBOXBROWN
889,76326455POBOXSMITH
890,65198293ADDR BROWN
891,16186714POBOXBROWN
892,28784591POBOXSMITH
893,16793007HCBOXDAVIS
894,44750636ADDR SMITH
895,48201714ADDR DAVIS
896,62924645POBOXSMITH
897,80608342HCBOXDAVIS
898,10088589ADDR JONES
899,61539998HCBOXJONES
900,10288856POBOXSMITH
901,73529588HCBOXSMITH
902,83702230HCBOXJONES
903,49198768ADDR DAVIS
904,29360413ADDR BROWN
905,54360324ADDR DAVIS
906,92180223POBOXJONES
907,44786366ADDR SMITH
908,78260031ADDR JONES
909,31290788POBOXBROWN
910,40140120POBOXDAVIS
911,46566532HCBOXJONES
912,13747636HCBOXJONES
913,85662591ADDR JONES
914,45719680HCBOXBROWN
915,40997282POBOXSMITH
916,16477534HCBOXJONES
917,36648038POBOXSMITH
918,93751253POBOXSMITH
919,18770862ADDR BROWN
920,83200826ADDR SMITH
921,96650476HCBOXBROWN
922,99141230ADDR JONES
923,80403026HCBOXJONES
924,40320975POBOXSMITH
925,55602577ADDR SMITH
926,67762426HCBOXSMITH
927,96198110POBOXJONES
928,48709643HCBOXSMITH
929,42660895POBOXJONES
930,11079978HCBOXSMITH
931,30785078HCBOXJONES
932,38162742POBOXJONES
933,20675872ADDR SMITH
934,14961035ADDR JONES
935,40467843ADDR SMITH
936,46037939ADDR BROWN
937,81790802ADDR DAVIS
938,15868217POBOXDAVIS
939,40661248HCBOXBROWN
940,38857829POBOXBROWN
941,94366988HCBOXDAVIS
942,43400201ADDR BROWN
943,98676795ADDR BROWN
944,79817050POBOXSMITH
945,49281524ADDR JONES
946,33536466POBOXDAVIS
947,93960609HCBOXBROWN
948,23279817ADDR BROWN
949,95925964HCBOXJONES
950,25120126POBOXBROWN
951,75972654HCBOXJONES
952,37019891HCBOXSMITH
953,13630953ADDR BROWN
954,21858475HCBOXBROWN
955,65678971HCBOXBROWN
956,37627130ADDR BROWN
957,34403166HCBOXDAVIS
958,87256365ADDR SMITH
959,35252567ADDR JONES
960,67618858HCBOXJONES
961,91485982ADDR BROWN
962,85210702HCBOXJONES
963,11739610HCBOXJONES
964,81901667ADDR SMITH
965,22274129ADDR SMITH
966,50673345POBOXDAVIS
967,93990728HCBOXSMITH
968,21100408POBOXBROWN
969,77610900POBOXJONES
970,75058214POBOXDAVIS
971,85647070POBOXBROWN
972,67719707ADDR SMITH
973,45968013HCBOXBROWN
974,15215560POBOXDAVIS
975,46067914ADDR DAVIS
976,99675294POBOXSMITH
977,32323149HCBOXDAVIS
978,66418798ADDR DAVIS
979,61018238POBOXJONES
980,95053766POBOXSMITH
981,32415031HCBOXBROWN
982,39369526POBOXJONES
983,61790346POBOXJONES
984,31660902HCBOXBROWN
985,62117868POBOXJONES
986,22928164ADDR BROWN
987,67318101ADDR DAVIS
988,39167466POBOXSMITH
989,12871750HCBOXDAVIS
990,39216130HCBOXDAVIS
991,92409974ADDR DAVIS
992,20410288ADDR BROWN
993,76164033POBOXSMITH
994,50302737HCBOXSMITH
995,57306347HCBOXSMITH
996,32975381ADDR DAVIS
997,77369479POBOXJONES
998,26124753POBOXSMITH
999,41120570ADDR BROWN
1000,59140756POBOXJONES
1001,11157135HCBOXJONES
1002,46005186HCBOXSMITH
1003,54471970ADDR JONES
1004,70467380HCBOXDAVIS
1005,78235799ADDR BROWN
1006,73369485POBOXDAVIS
1007,11819975POBOXJONES
1008,20176772POBOXSMITH
1009,82701339ADDR BROWN
1010,19293691ADDR BROWN
1011,95723133ADDR DAVIS
1012,93089158POBOXBROWN
1013,79412485HCBOXJONES
1014,38161406POBOXBROWN
1015,40229919ADDR DAVIS
1016,61556170ADDR JONES
1017,70612726ADDR JONES
1018,46622662POBOXDAVIS
1019,77535222ADDR DAVIS
1020,25356850POBOXJONES
1021,49866981HCBOXBROWN
1022,57552627HCBOXSMITH
1023,95002981HCBOXDAVIS
1024,39468498HCBOXDAVIS
1025,60487056POBOXDAVIS
1026,18852118POBOXBROWN
1027,27245468HCBOXBROWN
1028,79443354POBOXBROWN
1029,97239393ADDR BROWN
1030,77350193POBOXJONES
1031,76620150POBOXSMITH
1032,47095104POBOXSMITH
1033,75549283HCBOXJONES
1034,44994565HCBOXDAVIS
1035,47831259ADDR DAVIS
1036,71051472ADDR DAVIS
1037,63687360POBOXDAVIS
1038,98550622HCBOXSMITH
1039,39649437HCBOXDAVIS
1040,59357003HCBOXDAVIS
1041,22820375HCBOXBROWN
1042,84809912ADDR SMITH
1043,73540440POBOXJONES
1044,70940229HCBOXDAVIS
1045,28950390ADDR JONES
1046,63402675HCBOXJONES
1047,69631453HCBOXDAVIS
1048,63237785POBOXJONES
1049,40150903ADDR DAVIS
1050,27952335HCBOXBROWN
1051,87622675ADDR BROWN
1052,25139982ADDR JONES
1053,63518461ADDR DAVIS
1054,18069979POBOXJONES
1055,15970154ADDR JONES
1056,85989468HCBOXJONES
1057,64767244ADDR JONES
1058,91410527ADDR SMITH
1059,43170746HCBOXBROWN
1060,98320246ADDR JONES
1061,71011367POBOXBROWN
1062,24902783HCBOXJONES
1063,36483336HCBOXBROWN
1064,20148664ADDR JONES
1065,24091649POBOXSMITH
1066,52574325ADDR BROWN
1067,51661834HCBOXDAVIS
1068,56424767HCBOXDAVIS
1069,24604166ADDR JONES
1070,54386550HCBOXJONES
1071,71498086POBOXJONES
1072,83972911ADDR SMITH
1073,33043916HCBOXBROWN
1074,81960928HCBOXDAVIS
1075,96907847HCBOXJONES
1076,66709361ADDR DAVIS
1077,45101947HCBOXBROWN
1078,86185206ADDR SMITH
1079,47560300ADDR DAVIS
1080,93756153ADDR JONES
1081,83483642POBOXSMITH
1082,62437089ADDR SMITH
1083,89981644HCBOXSMITH
1084,45177447ADDR BROWN
1085,71560252HCBOXJONES
1086,70581129POBOXSMITH
1087,97419047POBOXSMITH
1088,76956305HCBOXSMITH
1089,63188146HCBOXDAVIS
1090,47142581POBOXDAVIS
1091,75600526POBOXDAVIS
1092,10534483ADDR BROWN
1093,83124288POBOXDAVIS
1094,87591172POBOXJONES
1095,73552057ADDR SMITH
1096,52967475ADDR SMITH
1097,57259617POBOXSMITH
1098,81208703POBOXSMITH
1099,85058514ADDR JONES
1100,63433325ADDR JONES
1101,86371560HCBOXJONES
1102,51621173HCBOXJONES
1103,33179943ADDR SMITH
1104,20925282ADDR DAVIS
1105,47039746ADDR JONES
1106,83012160POBOXDAVIS
1107,32996692HCBOXBROWN
1108,54429412HCBOXSMITH
1109,63039081ADDR JONES
1110,32705817HCBOXDAVIS
1111,61440237ADDR BROWN
1112,51756428POBOXSMITH
1113,84121446HCBOXBROWN
1114,71040960HCBOXDAVIS
1115,25527552ADDR BROWN
1116,46782126ADDR DAVIS
1117,63891727HCBOXBROWN
1118,22141706ADDR JONES
1119,81054624ADDR BROWN
1120,38683556ADDR DAVIS
1121,65381741HCBOXDAVIS
1122,81151260HCBOXBROWN
1123,97614722ADDR DAVIS
1124,51515237HCBOXBROWN
1125,20184470HCBOXSMITH
1126,56687052ADDR SMITH
1127,68411680ADDR BROWN
1128,62485476ADDR BROWN
1129,99849250ADDR BROWN
1130,90788409ADDR DAVIS
1131,83096664POBOXJONES
1132,18670356ADDR JONES
1133,32016575HCBOXBROWN
1134,61632937POBOXDAVIS
1135,32374687POBOXJONES
1136,84670842POBOXSMITH
1137,78800336ADDR BROWN
1138,67492955ADDR BROWN
1139,71631506HCBOXBROWN
1140,20281489HCBOXJONES
1141,24284730POBOXBROWN
1142,60242644HCBOXBROWN
1143,84941107ADDR BROWN
1144,68521515POBOXDAVIS
1145,23007675POBOXSMITH
1146,73856555POBOXJONES
1147,40037039POBOXBROWN
1148,13144579HCBOXDAVIS
1149,26185041POBOXJONES
1150,24018517ADDR JONES
1151,47211397POBOXBROWN
1152,71598023HCBOXBROWN
1153,70527288HCBOXJONES
1154,95805990POBOXDAVIS
1155,62927093POBOXBROWN
1156,31712336POBOXJONES
1157,78352183HCBOXDAVIS
1158,91104061POBOXSMITH
1159,95827916POBOXBROWN
1160,71460648HCBOXDAVIS
1161,46383976POBOXDAVIS
1162,48043760ADDR JONES
1163,37223771HCBOXBROWN
1164,41295156POBOXJONES
1165,73099027ADDR DAVIS
1166,80354474POBOXSMITH
1167,38097391POBOXBROWN
1168,91635278HCBOXJONES
1169,89941690ADDR BROWN
1170,87294351ADDR DAVIS
1171,11504474HCBOXSMITH
1172,44639904ADDR BROWN
1173,54448231POBOXJONES
1174,20843179POBOXSMITH
1175,49504377POBOXDAVIS
1176,99135789HCBOXSMITH
1177,67226360HCBOXBROWN
1178,45592983ADDR BROWN
1179,72917506POBOXSMITH
1180,49802138ADDR DAVIS
1181,22822173HCBOXSMITH
1182,50048644POBOXJONES
1183,24218988POBOXBROWN
1184,71632675ADDR BROWN
1185,44522658HCBOXBROWN
1186,52487083ADDR BROWN
1187,38683533POBOXDAVIS
1188,46347152POBOXJONES
1189,56015408POBOXJONES
1190,58625336POBOXJONES
1191,55778207HCBOXBROWN
1192,20578958POBOXDAVIS
1193,30709953ADDR BROWN
1194,58786249POBOXSMITH
1195,53795746POBOXJONES
1196,12903720HCBOXJONES
1197,63522689ADDR BROWN
1198,17599613HCBOXBROWN
1199,83317671ADDR DAVIS
1200,47001450ADDR DAVIS
1201,15701673ADDR SMITH
1202,94359283HCBOXSMITH
1203,64361796POBOXBROWN
1204,71699182ADDR DAVIS
1205,30515956ADDR JONES
1206,58598883HCBOXBROWN
1207,72044686ADDR DAVIS
1208,60345656ADDR SMITH
1209,87836500POBOXDAVIS
1210,98879353ADDR SMITH
1211,39525040POBOXDAVIS
1212,45372022HCBOXSMITH
1213,18423378POBOXSMITH
1214,53184474POBOXDAVIS
1215,85838564HCBOXDAVIS
1216,45989154HCBOXJONES
1217,20107721POBOXJONES
1218,61296252HCBOXDAVIS
1219,15337787ADDR BROWN
1220,98313527ADDR BROWN
1221,22720707POBOXBROWN
1222,97345209ADDR SMITH
1223,21486221POBOXBROWN
1224,92193433POBOXJONES
1225,77616093HCBOXJONES
1226,28045709ADDR DAVIS
1227,56752641POBOXBROWN
1228,59695381HCBOXSMITH
1229,15790961POBOXSMITH
1230,29474139ADDR SMITH
1231,74687336ADDR DAVIS
1232,92800409ADDR JONES
1233,80239153ADDR SMITH
1234,15960090ADDR DAVIS
1235,45958497POBOXDAVIS
1236,24376293HCBOXBROWN
1237,27577081POBOXJONES
1238,96733276POBOXSMITH
1239,81637162ADDR JONES
1240,21178559ADDR JONES
1241,54071527ADDR JONES
1242,35972801ADDR DAVIS
1243,29728155ADDR JONES
1244,61174288POBOXSMITH
1245,43068376HCBOXDAVIS
1246,60019001ADDR BROWN
1247,65477414HCBOXDAVIS
1248,63601016ADDR DAVIS
1249,82385866ADDR JONES
1250,84587947HCBOXDAVIS
1251,98024527HCBOXBROWN
1252,74884040ADDR JONES
1253,64722825POBOXSMITH
1254,34185322HCBOXBROWN
1255,61317026HCBOXBROWN
1256,70333804ADDR JONES
1257,69972720POBOXDAVIS
1258,29880064POBOXDAVIS
1259,26338911POBOXJONES
1260,40032333POBOXBROWN
1261,71287812POBOXJONES
1262,21614498ADDR SMITH
1263,37172795HCBOXSMITH
1264,77660562HCBOXJONES
1265,91282968HCBOXJONES
1266,99887568ADDR JONES
1267,36588926POBOXJONES
1268,67266759POBOXJONES
1269,31103225HCBOXDAVIS
1270,17448325HCBOXDAVIS
1271,82434850ADDR DAVIS
1272,79363483HCBOXSMITH
1273,96004773POBOXBROWN
1274,58980164ADDR SMITH
1275,15040464POBOXBROWN
1276,99776973ADDR SMITH
1277,37306809HCBOXBROWN
1278,70463736ADDR JONES
1279,54457330ADDR BROWN
1280,93246396HCBOXBROWN
1281,86351805POBOXDAVIS
1282,45532905HCBOXJONES
1283,77113565ADDR DAVIS
1284,71477584POBOXBROWN
1285,61217553POBOXBROWN
1286,86464891POBOXDAVIS
1287,36167385POBOXBROWN
1288,14448211HCBOXSMITH
1289,89498277ADDR BROWN
1290,65629081HCBOXBROWN
1291,66545034HCBOXDAVIS
1292,45200497HCBOXJONES
1293,37660993POBOXDAVIS
1294,93312493ADDR BROWN
1295,60711426HCBOXDAVIS
1296,43619321POBOXBROWN
1297,78560115ADDR DAVIS
1298,26200287HCBOXSMITH
1299,54392967POBOXJONES
1300,19140432HCBOXSMITH
1301,61450937HCBOXDAVIS
1302,27787667HCBOXSMITH
1303,51731540HCBOXDAVIS
1304,36694860ADDR BROWN
1305,71393813ADDR BROWN
1306,26079949POBOXBROWN
1307,64040111POBOXBROWN
1308,33366649POBOXJONES
1309,38361411ADDR DAVIS
1310,52871755HCBOXBROWN
1311,82338203HCBOXBROWN
1312,73966840ADDR JONES
1313,15990702HCBOXJONES
1314,31551628ADDR BROWN
1315,82450765POBOXSMITH
1316,67719852ADDR DAVIS
1317,94095942HCBOXBROWN
1318,36864076POBOXSMITH
1319,15443321HCBOXBROWN
1320,45855351POBOXSMITH
1321,17402350HCBOXBROWN
1322,24122995ADDR DAVIS
1323,53874464POBOXBROWN
1324,57780022ADDR SMITH
1325,80390183POBOXJONES
1326,63052780ADDR DAVIS
1327,21074126HCBOXJONES
1328,43016251POBOXSMITH
1329,51762760ADDR DAVIS
1330,74443270ADDR JONES
1331,52404198POBOXJONES
1332,65904096POBOXSMITH
1333,35427802HCBOXDAVIS
1334,55496705ADDR SMITH
1335,37218424HCBOXSMITH
1336,82122405POBOXJONES
1337,49124744ADDR JONES
1338,14857362HCBOXBROWN
1339,53812504POBOXDAVIS
1340,82384418POBOXSMITH
1341,46530619ADDR SMITH
1342,63672109ADDR SMITH
1343,58355575POBOXJONES
1344,20701959HCBOXDAVIS
1345,64716963HCBOXJONES
1346,73017938POBOXBROWN
1347,90278538HCBOXDAVIS
1348,86911150HCBOXSMITH
1349,73251386POBOXDAVIS
1350,82865724HCBOXJONES
1351,25622069ADDR BROWN
1352,70472389HCBOXJONES
1353,88546227HCBOXSMITH
1354,62477277POBOXDAVIS
1355,89048638POBOXJONES
1356,94671677POBOXBROWN
1357,65593166POBOXDAVIS
1358,39535336HCBOXSMITH
1359,21539277HCBOXDAVIS
1360,69809525HCBOXSMITH
1361,58139701POBOXDAVIS
1362,38702337ADDR SMITH
1363,91542223ADDR DAVIS
1364,35363009POBOXJONES
1365,17050321HCBOXJONES
1366,33270989HCBOXSMITH
1367,75553841ADDR DAVIS
1368,84041703POBOXSMITH
1369,86413216HCBOXSMITH
1370,69787377HCBOXJONES
1371,42637916ADDR DAVIS
1372,77400258POBOXSMITH
1373,94571403POBOXBROWN
1374,17430900HCBOXDAVIS
1375,43713840HCBOXSMITH
1376,15586023POBOXDAVIS
1377,64910303HCBOXSMITH
1378,32926895HCBOXJONES
1379,15977500HCBOXSMITH
1380,24549527ADDR DAVIS
1381,64938225HCBOXBROWN
1382,84138856POBOXSMITH
1383,48814254ADDR SMITH
1384,11984135HCBOXSMITH
1385,44173657HCBOXDAVIS
1386,70586001POBOXBROWN
1387,69371573ADDR DAVIS
1388,45713406POBOXJONES
1389,79046335POBOXJONES
1390,69712374HCBOXDAVIS
1391,34227828HCBOXSMITH
1392,34262968HCBOXSMITH
1393,20930446POBOXDAVIS
1394,84741027HCBOXJONES
1395,86472207HCBOXJONES
1396,40648678HCBOXJONES
1397,26459275ADDR BROWN
1398,33496836POBOXBROWN
1399,92260633ADDR JONES
1400,65420342ADDR JONES
1401,51443299POBOXJONES
1402,60452368POBOXSMITH
1403,50728416HCBOXSMITH
1404,72182318POBOXSMITH
1405,19060455HCBOXJONES
1406,31380774ADDR DAVIS
1407,21948217ADDR BROWN
1408,66397600POBOXJONES
1409,38023294ADDR DAVIS
1410,82482221POBOXJONES
1411,27923808POBOXBROWN
1412,66279710ADDR JONES
1413,80083386ADDR BROWN
1414,56065027HCBOXDAVIS
1415,94372532HCBOXDAVIS
1416,86767163HCBOXJONES
1417,88157174ADDR DAVIS
1418,18543570POBOXJONES
1419,49447064POBOXDAVIS
1420,55161801ADDR DAVIS
1421,24247469HCBOXSMITH
1422,71222213ADDR DAVIS
1423,45447673HCBOXDAVIS
1424,11152810HCBOXSMITH
1425,17146413POBOXJONES
1426,82383186HCBOXJONES
1427,56128047POBOXJONES
1428,96249290POBOXSMITH
1429,91636895POBOXBROWN
1430,29094116ADDR DAVIS
1431,57270725HCBOXJONES
1432,25066008POBOXDAVIS
1433,19189072HCBOXJONES
1434,27624632HCBOXDAVIS
1435,95037389HCBOXJONES
1436,18042887HCBOXBROWN
1437,41973765POBOXBROWN
1438,38820821ADDR SMITH
1439,93670021HCBOXJONES
1440,97607084POBOXSMITH
1441,93206169POBOXJONES
1442,86074494ADDR JONES
1443,72248919HCBOXBROWN
1444,45607174POBOXBROWN
1445,76140349POBOXJONES
1446,25178148HCBOXJONES
1447,55462222POBOXJONES
1448,78181091HCBOXDAVIS
1449,49946641ADDR DAVIS
1450,39973335ADDR JONES
1451,40853940HCBOXDAVIS
1452,63999890POBOXSMITH
1453,43370417HCBOXBROWN
1454,45660349HCBOXDAVIS
1455,38520437HCBOXBROWN
1456,25741791ADDR DAVIS
1457,11066453POBOXBROWN
1458,84526023ADDR DAVIS
1459,57699825HCBOXSMITH
1460,50921456HCBOXJONES
1461,31360554ADDR BROWN
1462,29379756HCBOXJONES
1463,23085362ADDR JONES
1464,30264843HCBOXBROWN
1465,20631468POBOXBROWN
1466,88035309POBOXDAVIS
1467,76362889ADDR DAVIS
1468,32392741HCBOXBROWN
1469,27774053HCBOXJONES
1470,29885513ADDR DAVIS
1471,50034789ADDR JONES
1472,34692043HCBOXJONES
1473,72139810POBOXSMITH
1474,61136215HCBOXSMITH
1475,66261209POBOXDAVIS
1476,78502638POBOXSMITH
1477,45709678HCBOXSMITH
1478,85283187POBOXBROWN
1479,75431272HCBOXSMITH
1480,10527908POBOXSMITH
1481,13052266ADDR DAVIS
1482,18768957HCBOXBROWN
1483,49160831ADDR BROWN
1484,53013066HCBOXJONES
1485,42199391HCBOXBROWN
1486,49513514HCBOXJONES
1487,21732919POBOXBROWN
1488,79524366POBOXJONES
1489,41493642ADDR BROWN
1490,24502953HCBOXJONES
1491,98380219HCBOXJONES
1492,40089580POBOXJONES
1493,32244079HCBOXJONES
1494,11335481POBOXJONES
1495,27778809POBOXSMITH
1496,52963908HCBOXBROWN
1497,44831835ADDR JONES
1498,24921776ADDR DAVIS
1499,33715787POBOXJONES
1500,86155150POBOXBROWN
1501,74984961ADDR DAVIS
1502,94994506HCBOXDAVIS
1503,72613493ADDR SMITH
1504,11434060POBOXDAVIS
1505,47597450ADDR BROWN
1506,20945561HCBOXJONES
1507,70912556HCBOXDAVIS
1508,39286602HCBOXSMITH
1509,85571494POBOXJONES
1510,82775319POBOXSMITH
1511,74775900HCBOXSMITH
1512,99840247ADDR JONES
1513,33328116HCBOXSMITH
1514,75516096POBOXDAVIS
1515,70369773HCBOXSMITH
1516,54604397HCBOXDAVIS
1517,83552082ADDR DAVIS
1518,44272895ADDR SMITH
1519,99027755ADDR SMITH
1520,26681049ADDR DAVIS
1521,53856396HCBOXBROWN
1522,93029415HCBOXJONES
1523,40810432HCBOXJONES
1524,52208472HCBOXJONES
1525,49796120ADDR BROWN
1526,87217227POBOXSMITH
1527,10603004HCBOXBROWN
1528,82075650HCBOXSMITH
1529,23391332HCBOXBROWN
1530,20672216ADDR DAVIS
1531,80283367HCBOXJONES
1532,35390442HCBOXSMITH
1533,10713388POBOXJONES
1534,81514105HCBOXDAVIS
1535,78122466HCBOXBROWN
1536,36068497ADDR BROWN
1537,87913708POBOXBROWN
1538,84369153POBOXBROWN
1539,31481733POBOXJONES
1540,62355952HCBOXSMITH
1541,59110724POBOXDAVIS
1542,62274019HCBOXDAVIS
1543,39138241ADDR BROWN
1544,80876677POBOXSMITH
1545,39210035POBOXBROWN
1546,28385038POBOXDAVIS
1547,21761694HCBOXBROWN
1548,28216329POBOXDAVIS
1549,38174923HCBOXDAVIS
1550,67880619POBOXDAVIS
1551,13471310HCBOXDAVIS
1552,46737906POBOXJONES
1553,76571060ADDR BROWN
1554,16302089HCBOXSMITH
1555,27626775ADDR JONES
1556,60683453ADDR SMITH
1557,83325298POBOXSMITH
1558,93688852POBOXJONES
1559,44695839HCBOXJONES
1560,23654737HCBOXSMITH
1561,46448688HCBOXJONES
1562,27182584HCBOXBROWN
1563,60469389HCBOXSMITH
1564,22592359HCBOXDAVIS
1565,60042814ADDR BROWN
1566,97153491HCBOXJONES
1567,89957654ADDR SMITH
1568,85011759HCBOXBROWN
1569,71561614HCBOXSMITH
1570,62336314HCBOXSMITH
1571,57563722POBOXSMITH
1572,52238716HCBOXSMITH
1573,29215383HCBOXDAVIS
1574,89491698HCBOXDAVIS
1575,44741682POBOXBROWN
1576,80451388HCBOXJONES
1577,74299297HCBOXBROWN
1578,88283064HCBOXSMITH
1579,32080579ADDR SMITH
1580,62097024HCBOXBROWN
1581,51999794ADDR BROWN
1582,27307044ADDR DAVIS
1583,65425937POBOXDAVIS
1584,94609281POBOXSMITH
1585,58424390POBOXSMITH
1586,32282127POBOXJONES
1587,89214317HCBOXSMITH
1588,80212677POBOXJONES
1589,18070027HCBOXJONES
1590,98340709ADDR BROWN
1591,54963409ADDR JONES
1592,10866034POBOXDAVIS
1593,59961865ADDR BROWN
1594,45126849POBOXJONES
1595,81842236HCBOXJONES
1596,22558148POBOXBROWN
1597,14197966HCBOXBROWN
1598,43254190HCBOXDAVIS
1599,63043387POBOXSMITH
1600,31238647POBOXDAVIS
1601,45392889HCBOXBROWN
1602,43989329ADDR DAVIS
1603,64068932ADDR BROWN
1604,55662760HCBOXBROWN
1605,49721208ADDR SMITH
1606,39170691HCBOXJONES
1607,49233135ADDR BROWN
1608,61231984ADDR DAVIS
1609,62958214HCBOXBROWN
1610,19132691POBOXSMITH
1611,42880622POBOXBROWN
1612,65601085ADDR BROWN
1613,94960264HCBOXJONES
1614,79117372HCBOXJONES
1615,40056081HCBOXJONES
1616,31062583HCBOXBROWN
1617,48476910ADDR JONES
1618,57862898POBOXSMITH
1619,41839622HCBOXBROWN
1620,16817473POBOXDAVIS
1621,21426563HCBOXJONES
1622,83752524ADDR BROWN
1623,30382574ADDR BROWN
1624,55793699HCBOXJONES
1625,71271998ADDR SMITH
1626,72205470POBOXDAVIS
1627,86944343POBOXDAVIS
1628,57636262POBOXJONES
1629,87470981ADDR DAVIS
1630,92082380HCBOXDAVIS
1631,41148043POBOXDAVIS
1632,89892325ADDR BROWN
1633,91024721ADDR BROWN
1634,58381463POBOXJONES
1635,64317367POBOXDAVIS
1636,97508613HCBOXJONES
1637,19485516HCBOXBROWN
1638,37865791ADDR SMITH
1639,68870540POBOXSMITH
1640,81770441ADDR SMITH
1641,82718522ADDR BROWN
1642,31995803POBOXJONES
1643,12716247HCBOXSMITH
1644,71297662POBOXBROWN
1645,36181456ADDR JONES
1646,81995079ADDR BROWN
1647,71425723ADDR DAVIS
1648,61061064POBOXSMITH
1649,84840028POBOXBROWN
1650,53906632HCBOXDAVIS
1651,71535888ADDR DAVIS
1652,54809683ADDR JONES
1653,61386103POBOXSMITH
1654,64156176ADDR DAVIS
1655,88025547ADDR SMITH
1656,96776220POBOXJONES
1657,44044154HCBOXJONES
1658,46611255POBOXBROWN
1659,38686397POBOXSMITH
1660,91900245HCBOXBROWN
1661,63393016POBOXDAVIS
1662,41942412ADDR DAVIS
1663,80563348HCBOXBROWN
1664,12810020POBOXDAVIS
1665,35288166ADDR DAVIS
1666,80826287ADDR JONES
1667,12624651HCBOXDAVIS
1668,65393757POBOXBROWN
1669,89791419HCBOXJONES
1670,85942870ADDR JONES
1671,85441707POBOXDAVIS
1672,23701029POBOXBROWN
1673,17963607ADDR SMITH
1674,51167781POBOXJONES
1675,33464337POBOXJONES
1676,28502941POBOXJONES
1677,17542239POBOXDAVIS
1678,62063944POBOXBROWN
1679,38657814POBOXJONES
1680,77604667POBOXBROWN
1681,46954158HCBOXJONES
1682,89170120HCBOXJONES
1683,98770957ADDR JONES
1684,41019080HCBOXBROWN
1685,60018988POBOXJONES
1686,38839647POBOXDAVIS
1687,57101421ADDR DAVIS
1688,52694355ADDR SMITH
1689,31388252POBOXBROWN
1690,54892092POBOXSMITH
1691,79357751POBOXSMITH
1692,17383210ADDR DAVIS
1693,25911045HCBOXJONES
1694,56745145HCBOXDAVIS
1695,54478558HCBOXBROWN
1696,45192704ADDR DAVIS
1697,52832625HCBOXDAVIS
1698,78269117ADDR DAVIS
1699,47889410ADDR BROWN
1700,32556598ADDR JONES
1701,94386014POBOXDAVIS
1702,52866584POBOXBROWN
1703,90696521ADDR BROWN
1704,88010903ADDR SMITH
1705,96432081HCBOXSMITH
1706,56411797POBOXJONES
1707,22838732POBOXBROWN
1708,25558712HCBOXBROWN
1709,67505275HCBOXJONES
1710,47119626ADDR JONES
1711,56721143ADDR BROWN
1712,24391832ADDR JONES
1713,47832178HCBOXBROWN
1714,17020710POBOXSMITH
1715,74725133HCBOXJONES
1716,92921156HCBOXJONES
1717,36197697POBOXBROWN
1718,57591684POBOXBROWN
1719,11130087HCBOXDAVIS
1720,82356230ADDR JONES
1721,46910630ADDR BROWN
1722,95821200HCBOXJONES
1723,35579859HCBOXSMITH
1724,50186958HCBOXSMITH
1725,53582975ADDR SMITH
1726,29823504POBOXSMITH
1727,52011826POBOXBROWN
1728,67433416ADDR JONES
1729,78731777ADDR JONES
1730,22631031ADDR JONES
1731,76749919POBOXJONES
1732,75239060ADDR SMITH
1733,78758914ADDR DAVIS
1734,48849484ADDR BROWN
1735,24365746POBOXJONES
1736,23937519HCBOXDAVIS
1737,63064869HCBOXDAVIS
1738,76644779POBOXJONES
1739,81244391HCBOXBROWN
1740,83581995POBOXSMITH
1741,51183141ADDR SMITH
1742,41498153HCBOXJONES
1743,63161303POBOXBROWN
1744,63601370HCBOXDAVIS
1745,72515584POBOXJONES
1746,47088205ADDR DAVIS
1747,92502272ADDR SMITH
1748,46407935POBOXSMITH
1749,84347671HCBOXJONES
1750,60244775HCBOXBROWN
1751,85709687ADDR BROWN
1752,56097834HCBOXJONES
1753,33376755HCBOXSMITH
1754,12255536ADDR DAVIS
1755,98050747HCBOXDAVIS
1756,76210448HCBOXSMITH
1757,86057477ADDR BROWN
1758,56109735HCBOXBROWN
1759,11886436ADDR DAVIS
1760,55445595ADDR JONES
1761,85318802HCBOXJONES
1762,47746037ADDR JONES
1763,98367999ADDR JONES
1764,31785189HCBOXDAVIS
1765,43542973ADDR SMITH
1766,55980998HCBOXSMITH
1767,87052537HCBOXSMITH
1768,14661988HCBOXJONES
1769,82379919HCBOXSMITH
1770,27651326HCBOXDAVIS
1771,54964602HCBOXBROWN
1772,78857104HCBOXSMITH
1773,51023685POBOXBROWN
1774,73400063POBOXSMITH
1775,68390147ADDR DAVIS
1776,78513487POBOXJONES
1777,55940669HCBOXJONES
1778,13850968POBOXJONES
1779,26431065POBOXBROWN
1780,79451749HCBOXBROWN
1781,26872221ADDR SMITH
1782,70236178ADDR SMITH
1783,66034387HCBOXDAVIS
1784,73858360ADDR BROWN
1785,39549828ADDR DAVIS
1786,75013992ADDR JONES
1787,55413750HCBOXDAVIS
1788,65682719ADDR JONES
1789,94536343ADDR DAVIS
1790,93183444ADDR DAVIS
1791,75257025POBOXJONES
1792,18146266POBOXBROWN
1793,87934883HCBOXBROWN
1794,14715852POBOXDAVIS
1795,70970176ADDR JONES
1796,53125143POBOXJONES
1797,29644882ADDR BROWN
1798,80919155HCBOXSMITH
1799,97420208HCBOXDAVIS
1800,57008361ADDR JONES
1801,86674479ADDR SMITH
1802,42473945ADDR DAVIS
1803,91899772POBOXBROWN
1804,43281930ADDR BROWN
1805,32074825HCBOXBROWN
1806,58031331HCBOXJONES
1807,32709290ADDR JONES
1808,21504564HCBOXBROWN
1809,34261504ADDR BROWN
1810,16853402ADDR BROWN
1811,28444910ADDR SMITH
1812,60607875ADDR BROWN
1813,35201731POBOXBROWN
1814,57807054POBOXBROWN
1815,46363235HCBOXSMITH
1816,62956616POBOXSMITH
1817,53725743POBOXJONES
1818,91272973POBOXSMITH
1819,90105588ADDR SMITH
1820,94494471HCBOXSMITH
1821,68418176POBOXSMITH
1822,28372842ADDR BROWN
1823,81581449POBOXBROWN
1824,77203030POBOXDAVIS
1825,40850254HCBOXSMITH
1826,57347140POBOXDAVIS
1827,41764058POBOXJONES
1828,22062374HCBOXDAVIS
1829,42499970POBOXBROWN
1830,67687799HCBOXDAVIS
1831,32117026POBOXBROWN
1832,98955586POBOXBROWN
1833,29993287HCBOXDAVIS
1834,97169064HCBOXSMITH
1835,57434915ADDR DAVIS
1836,22388830POBOXDAVIS
1837,55522259POBOXDAVIS
1838,45061311POBOXJONES
1839,80789461ADDR BROWN
1840,45171646POBOXJONES
1841,48896069POBOXJONES
1842,26701485ADDR DAVIS
1843,36548651POBOXDAVIS
1844,70017319POBOXBROWN
1845,92588666HCBOXBROWN
1846,11145515POBOXBROWN
1847,35596448ADDR SMITH
1848,32810626POBOXJONES
1849,29212766POBOXDAVIS
1850,10108725POBOXSMITH
1851,57556412POBOXSMITH
1852,71662467HCBOXSMITH
1853,63013408POBOXBROWN
1854,65860879HCBOXDAVIS
1855,35700539HCBOXSMITH
1856,46746870HCBOXJONES
1857,51255949POBOXSMITH
1858,91343864ADDR BROWN
1859,83580389HCBOXJONES
1860,74060519POBOXSMITH
1861,98333376POBOXSMITH
1862,28833699HCBOXJONES
1863,84727626POBOXJONES
1864,40980149ADDR SMITH
1865,85954080ADDR BROWN
1866,91461719POBOXDAVIS
1867,79009954POBOXSMITH
1868,61893385ADDR JONES
1869,40567644POBOXSMITH
1870,88555362ADDR JONES
1871,32398108ADDR BROWN
1872,45875303ADDR DAVIS
1873,59618054POBOXJONES
1874,40621656ADDR JONES
1875,98543975HCBOXJONES
1876,18302227POBOXSMITH
1877,99917034ADDR JONES
1878,70838135HCBOXJONES
1879,20814875ADDR JONES
1880,29893340POBOXSMITH
1881,93505919HCBOXDAVIS
1882,34980581HCBOXBROWN
1883,13677273HCBOXBROWN
1884,89777465POBOXJONES
1885,54126707HCBOXBROWN
1886,14566316HCBOXBROWN
1887,64190387HCBOXJONES
1888,25776576HCBOXSMITH
1889,95131058HCBOXBROWN
1890,77971235POBOXSMITH
1891,45361244POBOXJONES
1892,27752380POBOXJONES
1893,68308035ADDR JONES
1894,75823802ADDR DAVIS
1895,26489715HCBOXSMITH
1896,42417667HCBOXBROWN
1897,79566753POBOXJONES
1898,80072296ADDR DAVIS
1899,54374673POBOXJONES
1900,88616548POBOXDAVIS
1901,41080664HCBOXBROWN
1902,51970882POBOXSMITH
1903,70519143ADDR JONES
1904,23407127ADDR DAVIS
1905,77400621POBOXBROWN
1906,26648691HCBOXBROWN
1907,40715886POBOXBROWN
1908,32968010ADDR JONES
1909,69052475ADDR SMITH
1910,67320034ADDR DAVIS
1911,78229136POBOXJONES
1912,77262320HCBOXDAVIS
1913,31411298ADDR DAVIS
1914,20979279POBOXSMITH
1915,37367934ADDR JONES
1916,78102536ADDR JONES
1917,58438743ADDR SMITH
1918,90744738HCBOXDAVIS
1919,42854852POBOXBROWN
1920,45275317HCBOXJONES
1921,55695228HCBOXBROWN
1922,18360682POBOXSMITH
1923,73781014POBOXDAVIS
1924,24985919ADDR SMITH
1925,86552981POBOXJONES
1926,52418748ADDR BROWN
1927,44311349POBOXBROWN
1928,60657114HCBOXJONES
1929,94301048ADDR SMITH
1930,61668113HCBOXSMITH
1931,65238866ADDR BROWN
1932,49205644POBOXDAVIS
1933,16931436HCBOXDAVIS
1934,98676423POBOXSMITH
1935,45570039HCBOXSMITH
1936,35157848HCBOXJONES
1937,22346352HCBOXDAVIS
1938,45235447HCBOXSMITH
1939,19355906POBOXDAVIS
1940,89168845ADDR DAVIS
1941,80597124POBOXSMITH
1942,23852598POBOXSMITH
1943,27168862HCBOXDAVIS
1944,47917298HCBOXSMITH
1945,63797797POBOXSMITH
1946,95085665ADDR DAVIS
1947,12950328POBOXSMITH
1948,95371789ADDR JONES
1949,27424462HCBOXBROWN
1950,91489868HCBOXJONES
1951,11693805ADDR JONES
1952,69752128POBOXDAVIS
1953,58659369HCBOXSMITH
1954,73155240POBOXDAVIS
1955,57978487POBOXDAVIS
1956,80264747HCBOXDAVIS
1957,14080664ADDR SMITH
1958,13727377HCBOXSMITH
1959,89829904HCBOXJONES
1960,57240139ADDR SMITH
1961,91761172POBOXDAVIS
1962,26152009POBOXJONES
1963,91903798ADDR DAVIS
1964,88324857POBOXJONES
1965,91696052ADDR JONES
1966,74462101ADDR SMITH
1967,71137291POBOXBROWN
1968,58707447ADDR SMITH
1969,75204139POBOXSMITH
1970,92746803POBOXDAVIS
1971,42821557ADDR SMITH
1972,84667749POBOXJONES
1973,26499022POBOXBROWN
1974,84173590POBOXDAVIS
1975,61584623POBOXDAVIS
1976,72212378HCBOXDAVIS
1977,32992161HCBOXSMITH
1978,87300715POBOXJONES
1979,83716311POBOXSMITH
1980,69014246HCBOXSMITH
1981,96736191HCBOXDAVIS
1982,65389905HCBOXJONES
1983,84787381POBOXSMITH
1984,51537786HCBOXSMITH
1985,83735338POBOXJONES
1986,65595348ADDR DAVIS
1987,97089625HCBOXJONES
1988,45042308HCBOXSMITH
1989,49558070POBOXDAVIS
1990,95663508POBOXBROWN
1991,44146456POBOXSMITH
1992,74611797HCBOXBROWN
1993,53576527HCBOXDAVIS
1994,97998620POBOXDAVIS
1995,57285668POBOXSMITH
1996,82902930ADDR DAVIS
1997,52923272ADDR DAVIS
1998,68451750ADDR SMITH
1999,53114815HCBOXJONES
2000,85218786HCBOXBROWN
2001,95149887HCBOXDAVIS
2002,59271095HCBOXSMITH
2003,89177965ADDR BROWN
2004,11337598POBOXSMITH
2005,91417240HCBOXBROWN
2006,51814924POBOXSMITH
2007,77060351HCBOXSMITH
2008,68795530POBOXSMITH
2009,26535279POBOXJONES
2010,61848418ADDR DAVIS
2011,61603593ADDR DAVIS
2012,33517287POBOXJONES
2013,39433830POBOXDAVIS
2014,13094580ADDR JONES
2015,70939190ADDR SMITH
2016,24740284POBOXDAVIS
2017,26930176ADDR BROWN
2018,15472107ADDR JONES
2019,11192459ADDR DAVIS
2020,28185576POBOXJONES
2021,93752768POBOXBROWN
2022,13838646POBOXSMITH
2023,56220837HCBOXBROWN
2024,82762927POBOXBROWN
2025,40775510HCBOXBROWN
2026,37010719ADDR JONES
2027,17079763POBOXJONES
2028,74783587POBOXSMITH
2029,57443892POBOXSMITH
2030,89131778POBOXSMITH
2031,56977020HCBOXDAVIS
2032,30699705ADDR SMITH
2033,47681878ADDR BROWN
2034,19155115POBOXBROWN
2035,53481988HCBOXDAVIS
2036,10667322HCBOXDAVIS
2037,51493269HCBOXSMITH
2038,98073435POBOXDAVIS
2039,79697793HCBOXDAVIS
2040,52879627HCBOXBROWN
2041,18324287ADDR DAVIS
2042,26052335POBOXBROWN
2043,51096100HCBOXDAVIS
2044,65048418POBOXBROWN
2045,57177607POBOXBROWN
2046,96144847ADDR JONES
2047,54115093ADDR BROWN
2048,13239124POBOXSMITH
2049,79640346HCBOXBROWN
2050,87592826POBOXSMITH
2051,38126219ADDR SMITH
2052,76028190POBOXSMITH
2053,18497961POBOXDAVIS
2054,52270930POBOXBROWN
2055,83220335ADDR JONES
2056,60340720HCBOXBROWN
2057,60071462HCBOXSMITH
2058,62012873POBOXDAVIS
2059,12754983HCBOXBROWN
2060,77517729ADDR SMITH
2061,30802126ADDR JONES
2062,38446751HCBOXJONES
2063,99123289ADDR JONES
2064,65035706HCBOXBROWN
2065,64842143POBOXDAVIS
2066,58117051ADDR SMITH
2067,17500981HCBOXBROWN
2068,25295257POBOXBROWN
2069,29771619POBOXDAVIS
2070,20263837POBOXSMITH
2071,36978313HCBOXJONES
2072,68788962HCBOXBROWN
2073,92417605POBOXBROWN
2074,53693803POBOXSMITH
2075,96258283POBOXSMITH
2076,37471950POBOXDAVIS
2077,45894738HCBOXDAVIS
2078,96808710HCBOXDAVIS
2079,74663011HCBOXJONES
2080,88066138HCBOXBROWN
2081,79034948POBOXJONES
2082,16704729POBOXDAVIS
2083,20097506POBOXJONES
2084,43618045POBOXSMITH
2085,79236701ADDR DAVIS
2086,85360686HCBOXDAVIS
2087,56057215POBOXJONES
2088,38380281HCBOXSMITH
2089,96482702ADDR DAVIS
2090,15638608ADDR DAVIS
2091,36849698HCBOXBROWN
2092,53183909ADDR BROWN
2093,60150705ADDR SMITH
2094,25975384POBOXBROWN
2095,74384502ADDR SMITH
2096,31563419ADDR JONES
2097,76661710POBOXSMITH
2098,30492913POBOXJONES
2099,42125325ADDR DAVIS
2100,64201370ADDR SMITH
2101,97864510HCBOXSMITH
2102,15663144HCBOXJONES
2103,13900688HCBOXBROWN
2104,88821233HCBOXBROWN
2105,21423060HCBOXBROWN
2106,67559826ADDR SMITH
2107,86685561POBOXSMITH
2108,83225080POBOXDAVIS
2109,69142247HCBOXSMITH
2110,84581714POBOXSMITH
2111,68051799POBOXBROWN
2112,92374232HCBOXJONES
2113,15784998HCBOXJONES
2114,85912872HCBOXDAVIS
2115,42880286ADDR DAVIS
2116,99843334ADDR JONES
2117,25194025HCBOXJONES
2118,91198357POBOXJONES
2119,79075440ADDR JONES
2120,40055902ADDR DAVIS
2121,67450134ADDR JONES
2122,77123813POBOXDAVIS
2123,26467320HCBOXBROWN
2124,14659327ADDR BROWN
2125,98867685POBOXBROWN
2126,87212112POBOXSMITH
2127,98378594POBOXJONES
2128,63928733ADDR BROWN
2129,54083445POBOXDAVIS
2130,70613749POBOXSMITH
2131,87572679HCBOXDAVIS
2132,96646949POBOXDAVIS
2133,15369198ADDR SMITH
2134,86034310ADDR SMITH
2135,19790487HCBOXJONES
2136,38909179POBOXDAVIS
2137,67000719POBOXDAVIS
2138,37206636ADDR SMITH
2139,82154338HCBOXJONES
2140,31523014HCBOXDAVIS
2141,55402386ADDR BROWN
2142,47289049POBOXSMITH
2143,28697088ADDR BROWN
2144,29303689HCBOXSMITH
2145,36063814ADDR SMITH
2146,28618686HCBOXBROWN
2147,85829386HCBOXJONES
2148,46256759ADDR JONES
2149,45795640HCBOXSMITH
2150,50435993HCBOXSMITH
2151,58933646POBOXSMITH
2152,96235168HCBOXJONES
2153,29940422HCBOXBROWN
2154,32582653POBOXJONES
2155,82880772POBOXDAVIS
2156,58161311ADDR JONES
2157,14720923ADDR SMITH
2158,97227470ADDR DAVIS
2159,76712895HCBOXSMITH
2160,74312146ADDR DAVIS
2161,11470799ADDR SMITH
2162,83914126HCBOXDAVIS
2163,36333582POBOXDAVIS
2164,33256777ADDR SMITH
2165,32062943POBOXSMITH
2166,16231248POBOXJONES
2167,17104848POBOXSMITH
2168,46140647POBOXSMITH
2169,18661636POBOXBROWN
2170,91691424HCBOXDAVIS
2171,16223914ADDR BROWN
2172,68696243POBOXDAVIS
2173,28393454HCBOXSMITH
2174,63866299ADDR JONES
2175,28527821POBOXJONES
2176,58486265POBOXDAVIS
2177,73735460POBOXJONES
2178,45926762POBOXSMITH
2179,31329664ADDR SMITH
2180,32592960HCBOXSMITH
2181,38953350HCBOXSMITH
2182,26649600ADDR SMITH
2183,22468524POBOXSMITH
2184,92818781POBOXBROWN
2185,56955943POBOXBROWN
2186,10243082HCBOXBROWN
2187,32939933POBOXJONES
2188,39839027HCBOXSMITH
2189,41479472HCBOXJONES
2190,79303658ADDR JONES
2191,80459984POBOXJONES
2192,77550946HCBOXDAVIS
2193,53606695HCBOXJONES
2194,72361861POBOXBROWN
2195,46465007POBOXDAVIS
2196,26314600POBOXBROWN
2197,94771574ADDR BROWN
2198,93702622ADDR BROWN
2199,12945257HCBOXBROWN
2200,94699833ADDR DAVIS
2201,88862830ADDR BROWN
2202,69059969HCBOXBROWN
2203,72472897HCBOXSMITH
2204,16375111HCBOXSMITH
2205,89740607ADDR JONES
2206,16504694ADDR DAVIS
2207,98684095ADDR DAVIS
2208,90414340ADDR DAVIS
2209,34371872POBOXDAVIS
2210,39847627ADDR JONES
2211,15720905POBOXSMITH
2212,48416995ADDR DAVIS
2213,11978518HCBOXJONES
2214,63802523POBOXSMITH
2215,29070487HCBOXBROWN
2216,76325103HCBOXDAVIS
2217,85019361ADDR SMITH
2218,88354199HCBOXSMITH
2219,60647413HCBOXBROWN
2220,83577412POBOXJONES
2221,25319444ADDR BROWN
2222,61552564POBOXSMITH
2223,77662181ADDR SMITH
2224,76250786POBOXJONES
2225,78186598ADDR BROWN
2226,28640788ADDR BROWN
2227,32116296ADDR SMITH
2228,54440532ADDR SMITH
2229,13668613POBOXDAVIS
2230,15711862HCBOXSMITH
2231,70000908ADDR JONES
2232,47673883HCBOXJONES
2233,29043628HCBOXJONES
2234,22562510POBOXDAVIS
2235,72305109HCBOXSMITH
2236,93499634HCBOXSMITH
2237,84938325ADDR JONES
2238,22929394ADDR JONES
2239,14202984POBOXSMITH
2240,38958528ADDR DAVIS
2241,66812931HCBOXSMITH
2242,88553436HCBOXJONES
2243,72003306HCBOXSMITH
2244,10320202HCBOXJONES
2245,65926014POBOXJONES
2246,90782469HCBOXBROWN
2247,80058496ADDR SMITH
2248,40537511POBOXJONES
2249,73492318HCBOXSMITH
2250,66344723ADDR DAVIS
2251,18799553POBOXSMITH
2252,16609234ADDR JONES
2253,84107325HCBOXSMITH
2254,15021314HCBOXDAVIS
2255,24196190HCBOXBROWN
2256,52709022POBOXBROWN
2257,35561563ADDR JONES
2258,76985869ADDR SMITH
2259,10328550POBOXDAVIS
2260,32447177ADDR SMITH
2261,87784404ADDR SMITH
2262,99114294HCBOXSMITH
2263,78996905POBOXJONES
2264,66407603HCBOXJONES
2265,15170159POBOXBROWN
2266,60577009ADDR JONES
2267,87629083ADDR JONES
2268,44993893ADDR SMITH
2269,21767101ADDR JONES
2270,27027845ADDR JONES
2271,56702212ADDR DAVIS
2272,89931776HCBOXBROWN
2273,91310684HCBOXBROWN
2274,23781296HCBOXJONES
2275,39997331POBOXDAVIS
2276,95983575POBOXSMITH
2277,76648181POBOXSMITH
2278,20951935POBOXBROWN
2279,94148483POBOXDAVIS
2280,94412555ADDR BROWN
2281,16569898HCBOXBROWN
2282,86506889ADDR SMITH
2283,87266359HCBOXJONES
2284,90155426POBOXSMITH
2285,56027121ADDR SMITH
2286,80246111POBOXDAVIS
2287,87554824ADDR JONES
2288,98636149HCBOXJONES
2289,12613278HCBOXSMITH
2290,78154029ADDR BROWN
2291,30448752HCBOXSMITH
2292,49073864POBOXJONES
2293,24778549ADDR DAVIS
2294,26735380HCBOXSMITH
2295,81609965HCBOXSMITH
2296,17951824HCBOXDAVIS
2297,46418154HCBOXDAVIS
2298,32376082ADDR JONES
2299,60846448HCBOXJONES
2300,79550341POBOXJONES
2301,51502977POBOXSMITH
2302,32418498HCBOXSMITH
2303,94277729HCBOXJONES
2304,66255024HCBOXJONES
2305,31815327HCBOXDAVIS
2306,22973586ADDR BROWN
2307,39337966POBOXSMITH
2308,57209269HCBOXDAVIS
2309,65427220HCBOXSMITH
2310,20819324POBOXBROWN
2311,90356350POBOXSMITH
2312,62098380HCBOXBROWN
2313,93810700ADDR SMITH
2314,98365043ADDR DAVIS
2315,17841709ADDR SMITH
2316,73091728ADDR DAVIS
2317,22586563POBOXDAVIS
2318,31767208ADDR SMITH
2319,95985788HCBOXJONES
2320,69589055HCBOXSMITH
2321,31405564POBOXDAVIS
2322,65821823HCBOXJONES
2323,50472109ADDR BROWN
2324,36873691POBOXJONES
2325,99345426ADDR BROWN
2326,99892482POBOXJONES
2327,78534180ADDR DAVIS
2328,48936727HCBOXJONES
2329,43829694POBOXDAVIS
2330,12059464POBOXJONES
2331,10408671ADDR DAVIS
2332,86887622POBOXJONES
2333,58808406POBOXJONES
2334,88541392HCBOXJONES
2335,52987280POBOXDAVIS
2336,48469021POBOXDAVIS
2337,56729908ADDR JONES
2338,83358627ADDR BROWN
2339,46538132HCBOXDAVIS
2340,92504970HCBOXSMITH
2341,72728929ADDR JONES
2342,57710070HCBOXDAVIS
2343,82045694HCBOXSMITH
2344,35858105POBOXDAVIS
2345,46290694HCBOXSMITH
2346,95142957POBOXSMITH
2347,75544710HCBOXDAVIS
2348,75619905HCBOXBROWN
2349,63904995POBOXDAVIS
2350,42994089HCBOXBROWN
2351,11023148HCBOXDAVIS
2352,11356783HCBOXBROWN
2353,80017828ADDR SMITH
2354,81385279ADDR SMITH
2355,15272651POBOXJONES
2356,31902844ADDR DAVIS
2357,75956484POBOXJONES
2358,28067512HCBOXJONES
2359,82076307HCBOXSMITH
2360,43386679POBOXDAVIS
2361,89543628HCBOXJONES
2362,61600206POBOXJONES
2363,75549526HCBOXJONES
2364,39175869ADDR JONES
2365,75873395ADDR JONES
2366,99049215HCBOXJONES
2367,15520637HCBOXBROWN
2368,10390195HCBOXSMITH
2369,78987471POBOXSMITH
2370,40033016ADDR DAVIS
2371,12066770ADDR BROWN
2372,68761669ADDR JONES
2373,42145640ADDR BROWN
2374,73189621HCBOXJONES
2375,71563911HCBOXDAVIS
2376,37684987POBOXBROWN
2377,45338447HCBOXBROWN
2378,25328070HCBOXDAVIS
2379,98312821HCBOXJONES
2380,10744021HCBOXDAVIS
2381,66663938HCBOXDAVIS
2382,37219423POBOXJONES
2383,62566059HCBOXJONES
2384,80449927ADDR BROWN
2385,14527888HCBOXDAVIS
2386,49430303POBOXBROWN
2387,72233364HCBOXJONES
2388,59980271POBOXDAVIS
2389,50522534HCBOXDAVIS
2390,34512880ADDR JONES
2391,39037004ADDR BROWN
2392,67524744ADDR DAVIS
2393,37733835POBOXJONES
2394,22276898HCBOXSMITH
2395,21929249ADDR BROWN
2396,18979817POBOXDAVIS
2397,43820142ADDR JONES
2398,96306047ADDR BROWN
2399,20499325HCBOXJONES
2400,93912419POBOXJONES
2401,90169668POBOXBROWN
2402,15863614HCBOXDAVIS
2403,10201180HCBOXSMITH
2404,92867854POBOXDAVIS
2405,32230272ADDR SMITH
2406,99024262HCBOXBROWN
2407,87778543ADDR SMITH
2408,23694991HCBOXJONES
2409,41271532POBOXSMITH
2410,13361474POBOXDAVIS
2411,71183501ADDR JONES
2412,38993110HCBOXJONES
2413,10330744HCBOXJONES
2414,30347739HCBOXSMITH
2415,14796940HCBOXSMITH
2416,40347600HCBOXJONES
2417,41673555POBOXSMITH
2418,72870956HCBOXBROWN
2419,54490228ADDR JONES
2420,42019966POBOXSMITH
2421,80155271HCBOXJONES
2422,23905642HCBOXJONES
2423,41833781POBOXJONES
2424,18189708HCBOXSMITH
2425,74007737HCBOXJONES
2426,42977293ADDR DAVIS
2427,38202105ADDR DAVIS
2428,58610106HCBOXDAVIS
2429,58601426ADDR SMITH
2430,69032041POBOXJONES
2431,79866154POBOXDAVIS
2432,81641656ADDR JONES
2433,48757275ADDR SMITH
2434,11840437HCBOXJONES
2435,62961625ADDR SMITH
2436,64205250POBOXBROWN
2437,50849820ADDR JONES
2438,60810248HCBOXDAVIS
2439,34385307ADDR BROWN
2440,68393588POBOXJONES
2441,75900211POBOXDAVIS
2442,98350659HCBOXSMITH
2443,35085440HCBOXDAVIS
2444,26796882ADDR SMITH
2445,62061908POBOXSMITH
2446,67314073HCBOXJONES
2447,82296994POBOXBROWN
2448,12518211POBOXBROWN
2449,40082234ADDR SMITH
2450,89380715ADDR DAVIS
2451,39247572HCBOXSMITH
2452,85993756HCBOXJONES
2453,66495886POBOXSMITH
2454,37322368ADDR BROWN
2455,25158194POBOXSMITH
2456,18877546POBOXSMITH
2457,87882742ADDR BROWN
2458,13570158ADDR DAVIS
2459,53859944HCBOXSMITH
2460,67995727HCBOXDAVIS
2461,42166864ADDR DAVIS
2462,19974996ADDR BROWN
2463,52927351POBOXBROWN
2464,67045088POBOXBROWN
2465,11364524POBOXDAVIS
2466,93122226HCBOXSMITH
2467,86444222ADDR DAVIS
2468,25644160HCBOXDAVIS
2469,93483583POBOXJONES
2470,98214841POBOXDAVIS
2471,29399108HCBOXBROWN
2472,39206891HCBOXSMITH
2473,28359298HCBOXJONES
2474,94870888POBOXJONES
2475,95321708HCBOXBROWN
2476,10261098POBOXSMITH
2477,13863807ADDR DAVIS
2478,57287739POBOXBROWN
2479,67969895POBOXJONES
2480,45145359POBOXBROWN
2481,28711970ADDR SMITH
2482,89775992POBOXJONES
2483,35305143HCBOXBROWN
2484,87039117HCBOXJONES
2485,49019860HCBOXJONES
2486,41811804HCBOXBROWN
2487,71482060POBOXJONES
2488,74801587ADDR JONES
2489,41537565ADDR SMITH
2490,77141494ADDR DAVIS
2491,13094329ADDR JONES
2492,12286307POBOXBROWN
2493,94376682ADDR DAVIS
2494,84086571POBOXBROWN
2495,57986346HCBOXDAVIS
2496,32310215ADDR DAVIS
2497,95915298HCBOXJONES
2498,38781107POBOXBROWN
2499,14248938HCBOXDAVIS
2500,59512136POBOXSMITH
